{"dropout1": 0.013843343455545568,
  "dropout2": 0.016155854407082955,
  "dropout3": 0.8795621894429525,
  "learning_rate": 0.0005426872149558268,
  "multi_layer": true,
  "units1": 120,
  "units2": 50,
  "units3": 50
}